ticker,code,name,in_date,out_date
0001.HK,1,CKH HOLDINGS,2005-01-01,
0002.HK,2,CLP HOLDINGS,2005-01-01,
0003.HK,3,HK & CHINA GAS,2005-01-01,
0004.HK,4,Wharf Holdings,2005-01-01,2018-03-05
0005.HK,5,HSBC HOLDINGS,2005-01-01,
0006.HK,6,POWER ASSETS,2005-01-01,
0008.HK,8,PCCW,2005-01-01,2008-06-10
0011.HK,11,Hang Seng Bank,2005-01-01,2026-01-15
0012.HK,12,HENDERSON LAND,2005-01-01,
0013.HK,13,Hutchison Whampoa,2005-01-01,2015-05-27
0016.HK,16,SHK PPT,2005-01-01,
0017.HK,17,New World Development,2005-06-06,2024-12-09
0019.HK,19,Swire Pacific A,2005-01-01,2020-12-07
0020.HK,20,Wheelock and Co.,2005-01-01,2005-06-06
0023.HK,23,Bank of East Asia,2005-01-01,2018-09-10
0027.HK,27,Galaxy Entertainment,2013-06-17,
0066.HK,66,MTR CORPORATION,2005-01-01,
0083.HK,83,Sino Land,2005-06-06,2020-09-07
0097.HK,97,Henderson Investment,2005-01-01,2005-06-06
0101.HK,101,HANG LUNG PPT,2005-01-01,
0135.HK,135,Kunlun Energy,2012-12-10,2017-12-04
0144.HK,144,China Merchants Port,2005-01-01,2018-09-10
0151.HK,151,Want Want China,2011-12-05,2020-09-07
0175.HK,175,Geely Automobile,2017-03-06,
0179.HK,179,Johnson Electric,2005-01-01,2006-09-11
0203.HK,203,Denway Motors,2005-01-01,2006-03-06
0241.HK,241,Alibaba Health,2021-03-15,
0267.HK,267,CITIC,2005-01-01,
0285.HK,285,BYD Electronic,2024-06-11,
0288.HK,288,WH Group,2017-09-04,
0291.HK,291,China Resources Beer,2005-01-01,2016-03-14
0291.HK,291,China Resources Beer,2021-12-06,
0293.HK,293,Cathay Pacific,2005-01-01,2017-12-04
0300.HK,300,Midea Group (H),2025-06-09,
0316.HK,316,OOIL,2022-06-13,
0322.HK,322,Tingyi,2011-12-05,2016-09-05
0322.HK,322,Tingyi,2022-12-05,
0330.HK,330,Esprit Holdings,2005-01-01,2013-06-17
0386.HK,386,Sinopec Corp (H),2006-12-04,
0388.HK,388,HKEx,2006-09-11,
0494.HK,494,Li & Fung,2005-01-01,2017-03-06
0551.HK,551,Yue Yuen Industrial,2005-01-01,2009-06-08
0669.HK,669,Techtronic Industries,2019-03-11,
0688.HK,688,China Overseas,2007-12-10,
0700.HK,700,Tencent,2008-06-10,
0728.HK,728,China Telecom (H),2025-09-08,
0762.HK,762,CHINA UNICOM,2005-01-01,
0823.HK,823,Link REIT,2014-12-08,
0836.HK,836,China Res Power,2009-06-08,2019-03-11
0836.HK,836,China Res Power,2023-06-05,
0857.HK,857,PetroChina (H),2007-12-10,
0868.HK,868,Xinyi Glass,2021-09-06,
0881.HK,881,Zhongsheng Group,2022-06-13,2026-03-09
0883.HK,883,CNOOC,2005-01-01,
0906.HK,906,China Netcom,2006-03-06,2008-10-07
0939.HK,939,China Construction Bank (H),2006-09-11,
0941.HK,941,CHINA MOBILE,2005-01-01,
0960.HK,960,Longfor Group,2021-03-15,
0968.HK,968,Xinyi Solar,2021-06-07,
0981.HK,981,SMIC,2022-06-13,
0992.HK,992,Lenovo Group,2005-01-01,2006-09-11
0992.HK,992,Lenovo Group,2013-03-04,2018-06-04
0992.HK,992,Lenovo Group,2022-03-07,
1024.HK,1024,Kuaishou - W,2024-12-09,
1038.HK,1038,CKI Holdings,2005-01-01,2008-06-10
1038.HK,1038,CKI Holdings,2016-03-14,
1044.HK,1044,Hengan International,2011-06-07,
1088.HK,1088,China Shenhua (H),2007-12-10,2020-09-07
1088.HK,1088,China Shenhua (H),2022-09-05,
1093.HK,1093,CSPC Pharmaceutical,2018-06-04,
1099.HK,1099,Sinopharm (H),2023-09-04,
1109.HK,1109,China Res Land,2010-03-08,
1113.HK,1113,Cheung Kong Property,2015-06-03,
1177.HK,1177,Sino Biopharmaceutical,2018-09-10,
1199.HK,1199,COSCO Pacific,2005-01-01,2014-12-08
1209.HK,1209,China Res Mixc,2022-12-05,
1211.HK,1211,BYD Company (H),2021-06-07,
1299.HK,1299,AIA,2011-06-07,
1378.HK,1378,China Hongqiao,2022-06-13,
1398.HK,1398,ICBC (H),2007-03-12,
1519.HK,1519,J&T Express - W,2026-06-08,
1801.HK,1801,Innovent Biologics,2025-12-08,
1810.HK,1810,Xiaomi - W,2020-09-07,
1876.HK,1876,Budweiser APAC,2020-12-07,
1880.HK,1880,Belle International,2010-09-06,2017-07-19
1898.HK,1898,China Coal (H),2010-09-06,2014-03-10
1928.HK,1928,Sands China,2012-06-04,
1929.HK,1929,Chow Tai Fook,2022-09-05,
1997.HK,1997,Wharf REIC,2017-11-23,
2007.HK,2007,Country Garden,2017-12-04,2023-09-04
2015.HK,2015,Li Auto - W,2023-12-04,
2018.HK,2018,AAC Technologies,2016-09-05,2022-06-13
2020.HK,2020,ANTA Sports,2020-12-07,
2038.HK,2038,Foxconn International,2006-09-11,2011-06-07
2057.HK,2057,ZTO Express - W,2025-06-09,
2269.HK,2269,WuXi Biologics,2020-09-07,
2313.HK,2313,Shenzhou International,2018-09-10,
2318.HK,2318,Ping An (H),2007-06-04,
2319.HK,2319,China Mengniu Dairy,2014-03-10,
2331.HK,2331,Li Ning,2021-09-06,
2359.HK,2359,WuXi AppTec (H),2023-12-04,
2382.HK,2382,Sunny Optical,2017-12-04,
2388.HK,2388,BOC HONG KONG,2005-01-01,
2600.HK,2600,Chalco (H),2008-06-10,2013-03-04
2600.HK,2600,Chalco (H),2026-06-08,
2618.HK,2618,JD Logistics,2025-09-08,
2628.HK,2628,China Life (H),2007-03-12,
2688.HK,2688,ENN Energy,2021-12-06,
2899.HK,2899,Zijin Mining (H),2023-06-05,
3328.HK,3328,Bankcomm (H),2007-09-10,2021-09-06
3690.HK,3690,Meituan - W,2020-12-07,
3692.HK,3692,Hansoh Pharma,2022-09-05,
3750.HK,3750,CATL (H),2026-03-09,
3968.HK,3968,China Merchants Bank (H),2021-09-06,
3988.HK,3988,Bank of China (H),2006-12-04,
3993.HK,3993,CMOC (H),2026-03-09,
6098.HK,6098,Country Garden Services,2021-06-07,2024-06-11
6160.HK,6160,BeOne Medicines,2026-06-08,
6181.HK,6181,Laopu Gold (H),2026-03-09,
6618.HK,6618,JD Health,2023-06-05,
6690.HK,6690,Haier Smart Home (H),2022-12-05,
6862.HK,6862,Haidilao,2021-03-15,
9618.HK,9618,JD.com - SW,2021-12-06,
9633.HK,9633,Nongfu Spring (H),2022-03-07,
9888.HK,9888,Baidu - SW,2022-09-05,
9901.HK,9901,New Oriental - S,2024-12-09,
9961.HK,9961,Trip.com - S,2023-06-05,
9988.HK,9988,Alibaba - SW,2020-09-07,
9992.HK,9992,Pop Mart,2025-09-08,
9999.HK,9999,NetEase - S,2021-12-06,
